FOOD_NAME,SCIENTIFIC_NAME,GROUP,SUB_GROUP
Abalone,Haliotis,Aquatic foods,Mollusks
Abiyuch,Crateva religiosa,Fruits,Tropical fruits
Acerola,Malpighia emarginata,Fruits,Tropical fruits
Acorn,Quercus,Nuts,Nuts
Adobo,NULL,Baking goods,Seasonings
Adzuki bean,Vigna angularis,Pulses,Beans
Agar,Eucheuma,Aquatic foods,Seaweed
Agave,Agave,Vegetables,Other vegetables
Akutaq,NULL,Confectioneries,Desserts
Alaska blackfish,Dallia pectoralis,Aquatic foods,Fishes
Alaska blueberry,Vaccinium alaskaense,Fruits,Berries
Alaska pollock,Theragra chalcogramma,Aquatic foods,Fishes
Alaska wild rhubarb,Polygonum alpinum,Vegetables,Stalk vegetables
Albacore tuna,Thunnus alalunga,Aquatic foods,Fishes
Alcoholic beverages,NULL,Beverages,Alcoholic beverages
Alfalfa,Medicago sativa,Herbs and Spices,Herbs
Allium (Onion),Allium,Vegetables,Onion-family vegetables
Allspice,Pimenta dioica,Herbs and Spices,Spices
Almond,Prunus dulcis,Nuts,Nuts
Alpine sweetvetch,Hedysarum alpinum,Vegetables,Root vegetables
Amaranth,Amaranthus,Herbs and Spices,Herbs
American butterfish,Peprilus triacanthus,Aquatic foods,Fishes
American cranberry,Vaccinium macrocarpon,Fruits,Berries
American lobster,Homarus americanus,Aquatic foods,Crustaceans
American pokeweed,Phytolacca americana,Vegetables,Shoot vegetables
American shad,Alosa sapidissima,Aquatic foods,Fishes
"Anatidae (Duck, Goose, Swan)",Anatidae,Animal foods,Poultry
Anchovy,Engraulidae,Aquatic foods,Fishes
Angelica,Angelica keiskei,Herbs and Spices,Herbs
Anguilliformes (Eel),Anguilliformes,Aquatic foods,Fishes
Animal foods,NULL,Animal foods,Animal foods
Anise,Pimpinella anisum,Herbs and Spices,Herbs
Annual wild rice,Zizania aquatica,Cereals and cereal products,Cereals
Antelope,Artiodactyla,Animal foods,Venison
Apple,Malus pumila,Fruits,Pomes
Apple cider,NULL,Beverages,Fermented beverages
Apricot,Prunus armeniaca,Fruits,Drupes
Arabica coffee,Coffea arabica,Coffee and coffee products,Coffee
Arctic blackberry,Rubus arcticus,Fruits,Berries
Arctic ground squirrel,Urocitellus parryii,Animal foods,Rodents
Arepa,NULL,Dishes,Latin American cuisine
Arrowhead,Sagittaria latifolia,Vegetables,Tubers
Arrowroot,Maranta arundinacea,Vegetables,Tubers
Ascidians,Ascidiacea,Aquatic foods,Other aquatic foods
Asian pear,Pyrus pyrifolia,Fruits,Pomes
Asparagus,Asparagus officinalis,Vegetables,Shoot vegetables
Atlantic cod,Gadus morhua,Aquatic foods,Fishes
Atlantic croaker,Micropogonias undulatus,Aquatic foods,Fishes
Atlantic halibut,Hippoglossus hippoglossus,Aquatic foods,Fishes
Atlantic herring,Clupea harengus harengus,Aquatic foods,Fishes
Atlantic mackerel,Scomber scombrus,Aquatic foods,Fishes
Atlantic menhaden,Brevoortia tyrannus,Aquatic foods,Fishes
Atlantic pollock,Pollachius pollachius,Aquatic foods,Fishes
Atlantic salmon,Salmo salar,Aquatic foods,Fishes
Atlantic wolffish,Anarhichas lupus,Aquatic foods,Fishes
Avocado,Persea americana,Vegetables,Fruit vegetables
Babassu palm,Attalea speciosa,Herbs and Spices,Oilseed crops
Baby food,NULL,Baby foods,Baby foods
Bagel,NULL,Cereals and cereal products,Leavened breads
Baked beans,NULL,Dishes,Other dishes
Baked potato,NULL,Dishes,Potato dishes
Bamboo shoots,Phyllostachys edulis,Vegetables,Shoot vegetables
Banana,Musa acuminata,Fruits,Tropical fruits
Barley,Hordeum vulgare,Cereals and cereal products,Cereals
Bayberry,Myrica,Fruits,Berries
Bean,NULL,Pulses,Beans
Bearded seal,Erignathus barbatus,Aquatic foods,Pinnipeds
Beaver,Castor canadensis,Animal foods,Rodents
Beech nut,Fagus,Nuts,Nuts
Beefalo,Bos taurus X Bison bison,Animal foods,Bovines
Beer,NULL,Beverages,Fermented beverages
Beluga whale,Delphinapterus leucas,Aquatic foods,Cetaceans
Berry wine,NULL,Beverages,Fermented beverages
Beverages,NULL,Beverages,Beverages
Bilberry,Vaccinium myrtillus,Fruits,Berries
Biscuit,NULL,Cereals and cereal products,Cereal products
Bison,Bison bison,Animal foods,Bovines
Bitter gourd,Momordica charantia,Gourds,Gourds
"Bivalvia (Clam, Mussel, Oyster)",Bivalvia,Aquatic foods,Mollusks
Black bear,Ursus americanus,Animal foods,Other mammals
Black cabbage,Brassica oleracea var. viridis,Vegetables,Cabbages
Black chokeberry,Photinia melanocarpa,Fruits,Berries
Black crowberry,Empetrum nigrum,Fruits,Berries
Black elderberry,Sambucus nigra,Fruits,Berries
Black huckleberry,Gaylussacia baccata,Fruits,Berries
Black mulberry,Morus nigra,Fruits,Berries
Black radish,Raphanus sativus var. niger,Vegetables,Root vegetables
Black raspberry,Rubus occidentalis,Fruits,Berries
Black salsify,Scorzonera hispanica,Vegetables,Root vegetables
Black walnut,Juglans nigra,Nuts,Nuts
Black-eyed pea,Vigna unguiculata ssp. unguiculata,Pulses,Peas
Blackcurrant,Ribes nigrum,Fruits,Berries
Blue crab,Callinectes sapidus,Aquatic foods,Crustaceans
Blue mussel,Mytilus edulis,Aquatic foods,Mollusks
Blue whiting,Micromesistius poutassou,Aquatic foods,Fishes
Bluefish,Pomatomus saltatrix,Aquatic foods,Fishes
Bog bilberry,Vaccinium uliginosum,Fruits,Berries
Borage,Borago officinalis,Herbs and Spices,Oilseed crops
Bowhead whale,Balaena mysticetus,Aquatic foods,Cetaceans
Boysenberry,Rubus ursinus X idaeus,Fruits,Berries
Brassicas,NULL,Vegetables,Brassicas
Brazil nut,Bertholletia excelsa,Nuts,Nuts
Breadfruit,Artocarpus altilis,Fruits,Tropical fruits
Breadnut tree seed,Brosimum alicastrum,Herbs and Spices,Other seeds
Breakfast cereal,NULL,Cereals and cereal products,Cereal products
Breakfast sandwich,NULL,Dishes,Sandwiches
Broad bean,Vicia faba,Pulses,Beans
Broad whitefish,Coregonus nasus,Aquatic foods,Fishes
Broccoli,Brassica oleracea var. italica,Vegetables,Cabbages
Brown bear,Ursus arctos,Animal foods,Other mammals
Brussel sprouts,Brassica oleracea var. gemmifera,Vegetables,Cabbages
Buffalo,Bubalus bubalis,Animal foods,Bovines
Buffalo currant,Ribes aureum var. villosum,Fruits,Berries
Bulgur,NULL,Cereals and cereal products,Cereal products
Burbot,Lota lota,Aquatic foods,Fishes
Burdock,Arctium lappa,Vegetables,Root vegetables
Burrito,NULL,Dishes,Tex-Mex cuisine
Butter,NULL,Milk and milk products,Other milk products
Butter substitute,NULL,Baking goods,Substitutes
Butterfat,NULL,Milk and milk products,Other milk products
Buttermilk,NULL,Milk and milk products,Fermented milks
Butternut,Juglans cinerea,Nuts,Nuts
Butternut squash,Cucurbita moschata,Gourds,Gourds
Cabbage,Brassica oleracea var. capitata,Vegetables,Cabbages
Cake,NULL,Confectioneries,Desserts
Calabash,Lagenaria siceraria,Gourds,Gourds
Canada blueberry,Vaccinium myrtilloides,Fruits,Berries
Candy bar,NULL,Confectioneries,Candies
Canola,NULL,Herbs and spices,Oilseed crops
Capers,Capparis spinosa,Herbs and Spices,Spices
Caraway,Carum carvi,Herbs and Spices,Spices
Cardamom,Elettaria cardamomum,Herbs and Spices,Spices
Cardoon,Cynara cardunculus,Vegetables,Shoot vegetables
Caribou,Rangifer tarandus,Animal foods,Venison
Carob,Ceratonia siliqua,Vegetables,Other vegetables
Carp bream,Abramis brama,Aquatic foods,Fishes
Carrot,Daucus carota ssp. sativus,Vegetables,Root vegetables
Cascade huckleberry,Vaccinium deliciosum,Fruits,Berries
Casein,NULL,Milk and milk products,Other milk products
Cashew nut,Anacardium occidentale,Nuts,Nuts
Cassava,Manihot esculenta,Vegetables,Tubers
Catfish,Siluriformes,Aquatic foods,Fishes
Catjang pea,Vigna unguiculata ssp. cylindrica,Pulses,Peas
"Cattle (Beef, Veal)",Bos taurus,Animal foods,Bovines
Cauliflower,Brassica oleracea var. botrytis,Vegetables,Cabbages
Celeriac,Apium graveolens var. rapaceum,Vegetables,Root vegetables
Celery leaves,Apium graveolens var. secalinum,Herbs and Spices,Herbs
Celery stalks,Apium graveolens var. dulce,Vegetables,Stalk vegetables
Cereals and cereal products,NULL,Cereals and cereal products,Cereals and cereal products
"Cetacea (Dolphin, Porpoise, Whale)",Cetacea,Aquatic foods,Cetaceans
Ceylon cinnamon,Cinnamomum verum,Herbs and Spices,Spices
Channel catfish,Ictalurus punctatus,Aquatic foods,Fishes
Chanterelle,Cantharellus cibarius,Vegetables,Mushrooms
Charr,Salvelinus,Aquatic foods,Fishes
Chayote,Sechium edule,Gourds,Gourds
Cheese,NULL,Milk and milk products,Fermented milk products
Cherimoya,Annona cherimola,Fruits,Tropical fruits
Cherry tomato,Solanum lycopersicum var. cerasiforme,Vegetables,Fruit vegetables
Chervil,Anthriscus cerefolium,Herbs and Spices,Spices
Chestnut,Castanea,Nuts,Nuts
Chewing gum,NULL,Confectioneries,Candies
Chia,Salvia hispanica,Herbs and Spices,Other seeds
"Chicken (Cock, Hen, Rooster)",Gallus gallus,Animal foods,Poultry
Chickpea,Cicer arietinum,Pulses,Peas
Chicory,Cichorium intybus,Vegetables,Root vegetables
Chicory leaves,Cichorium intybus var. foliosum,Vegetables,Leaf vegetables
Chicory roots,Cichorium intybus var. sativum,Vegetables,Root vegetables
Chili,NULL,Dishes,Tex-Mex cuisine
Chimichanga,NULL,Dishes,Mexican cuisine
Chinese bayberry,Myrica rubra,Fruits,Berries
Chinese broccoli,Brassica alboglabra,Vegetables,Cabbages
Chinese cabbage,Brassica rapa,Vegetables,Cabbages
Chinese chestnut,Castanea mollissima,Nuts,Nuts
Chinese chives,Allium tuberosum,Herbs and Spices,Herbs
Chinese cinnamon,Cinnamomum aromaticum,Herbs and Spices,Spices
Chinese mustard,Brassica juncea,Vegetables,Cabbages
Chinese water chestnut,Eleocharis dulcis,Vegetables,Other vegetables
Chinook salmon,Oncorhynchus tshawytscha,Aquatic foods,Fishes
Chives,Allium schoenoprasum,Herbs and Spices,Herbs
Chocolate,NULL,Cocoa and cocoa products,Cocoa products
Chocolate mousse,NULL,Confectioneries,Desserts
Chocolate spread,NULL,Confectioneries,Spreads
Chum salmon,Oncorhynchus keta,Aquatic foods,Fishes
Cichlidae (Tilapia),Cichlidae,Aquatic foods,Fishes
Cinnamon,Cinnamomum,Herbs and Spices,Spices
Cisco,Coregonus artedi,Aquatic foods,Fishes
Citrus,NULL,Fruits,Citrus
Clawed lobster,Nephropidae,Aquatic foods,Crustaceans
Climbing bean,Vigna umbellata,Pulses,Beans
Cloud ear fungus,Auricularia polytricha,Vegetables,Mushrooms
Cloudberry,Rubus chamaemorus,Fruits,Berries
Cloves,Syzygium aromaticum,Herbs and Spices,Spices
"Clupeinae (Herring, Sardine, Sprat)",Clupeinae,Aquatic foods,Fishes
Coalfish pollock,Pollachius virens,Aquatic foods,Fishes
Cocktail,NULL,Beverages,Alcoholic beverages
Cocoa and cocoa products,NULL,Cocoa and cocoa products,Cocoa and cocoa products
Cocoa bean,Theobroma cacao,Cocoa and cocoa products,Cocoa
Cocoa butter,NULL,Cocoa and cocoa products,Cocoa products
Cocoa liquor,NULL,Cocoa and cocoa products,Cocoa products
Cocoa powder,NULL,Cocoa and cocoa products,Cocoa products
Coconut,Cocos nucifera,Fruits,Tropical fruits
Coffee,Coffea,Coffee and coffee products,Coffee
Coffee and coffee products,NULL,Coffee and coffee products,Coffee and coffee products
Coffee mocha,NULL,Coffee and coffee products,Coffee products
Coffee substitute,NULL,Baking goods,Substitutes
Coho salmon,Oncorhynchus kisutch,Aquatic foods,Fishes
Cold cut,NULL,Dishes,Ground meat
Colorado pinyon,Pinus edulis,Nuts,Nuts
"Columbidae (Dove, Pigeon)",Columbidae,Animal foods,Poultry
Common bean,Phaseolus vulgaris,Pulses,Beans
Common beet,Beta vulgaris,Vegetables,Leaf vegetables
Common buckwheat,Fagopyrum esculentum,Cereals and cereal products,Cereals
Common cabbage,Brassica oleracea,Vegetables,Cabbages
Common carp,Cyprinus carpio,Aquatic foods,Fishes
Common chokecherry,Prunus virginiana,Fruits,Drupes
Common dab,Limanda limanda,Aquatic foods,Fishes
Common grape,Vitis vinifera,Fruits,Berries
Common hazelnut,Corylus avellana,Nuts,Nuts
Common ling,Molva molva,Aquatic foods,Fishes
Common mushroom,Agaricus bisporus,Vegetables,Mushrooms
Common octopus,Octopus vulgaris,Aquatic foods,Mollusks
Common oregano,Origanum vulgare,Herbs and Spices,Herbs
Common pea,Pisum sativum,Pulses,Peas
Common persimmon,Diospyros virginiana,Fruits,Tropical fruits
Common sage,Salvia officinalis,Herbs and Spices,Herbs
Common salsify,Tragopogon porrifolius,Vegetables,Root vegetables
Common thyme,Thymus vulgaris,Herbs and Spices,Herbs
Common verbena,Verbena officinalis,Herbs and Spices,Herbs
Common walnut,Juglans regia,Nuts,Nuts
Common wheat,Triticum aestivum,Cereals and cereal products,Cereals
Conch,Strombidae,Aquatic foods,Mollusks
Condensed milk,NULL,Milk and milk products,Other milk products
Cooking oil,NULL,Baking goods,Baking goods
Coriander,Coriandrum sativum,Herbs and Spices,Herbs
Corn,Zea mays,Cereals and cereal products,Cereals
Corn chip,NULL,Snack foods,Snack foods
Corn grits,NULL,Cereals and cereal products,Cereal products
Corn salad,Valerianella locusta,Vegetables,Leaf vegetables
Cornbread,NULL,Cereals and cereal products,Flat breads
Cornmint,Mentha arvensis,Herbs and Spices,Herbs
Cottonseed,Gossypium,Herbs and Spices,Oilseed crops
Couscous,NULL,Dishes,Berber cuisine
"Cow milk, pasteurized, vitamin A + D added, 0% fat",,Milk and milk products,Unfermented milks
"Cow milk, pasteurized, vitamin A + D added, 1% fat",,Milk and milk products,Unfermented milks
"Cow milk, pasteurized, vitamin A + D added, 2% fat",,Milk and milk products,Unfermented milks
"Cow milk, pasteurized, vitamin D added, 3.25% fat",,Milk and milk products,Unfermented milks
Cowpea,Vigna unguiculata,Pulses,Peas
Crab,Brachyura,Aquatic foods,Crustaceans
Cracker,NULL,Snack foods,Snack foods
Crayfish,Astacidea,Aquatic foods,Crustaceans
Cream,NULL,Milk and milk products,Other milk products
Cream substitute,NULL,Baking goods,Substitutes
Crisp bread,NULL,Cereals and cereal products,Flat breads
Crustaceans,NULL,Aquatic foods,Crustaceans
Cucumber,Cucumis sativus,Gourds,Gourds
Cucurbita (Gourd),Cucurbita,Gourds,Gourds
Cumin,Cuminum cyminum,Herbs and Spices,Spices
Cupua√ßu,Theobroma grandiflorum,Herbs and Spices,Oilseed crops
Curry powder,NULL,Herbs and Spices,Herb and spice mixtures
Cusk,Brosme brosme,Aquatic foods,Fishes
Custard apple,Annona reticulata,Fruits,Tropical fruits
Cuttlefish,Sepiidae,Aquatic foods,Mollusks
Daikon radish,Raphanus sativus var. longipinnatus,Vegetables,Root vegetables
Dandelion,Taraxacum officinale,Herbs and Spices,Herbs
Date,Phoenix dactylifera,Fruits,Other fruits
Deer,Cervidae,Animal foods,Venison
Deerberry,Vaccinium stamineum,Fruits,Berries
Devilfish,Myoxocephalus,Aquatic foods,Fishes
Dill,Anethum graveolens,Herbs and Spices,Herbs
Dock,Rumex,Herbs and Spices,Herbs
Dolphin fish,Coryphaena hippurus,Aquatic foods,Fishes
Domestic goat,Capra aegagrus hircus,Animal foods,Caprae
"Domestic pig (Piglet, Pork)",Sus scrofa domestica,Animal foods,Swine
Dough,NULL,Cereals and cereal products,Doughs
Drag√©e,NULL,Confectioneries,Candies
Dried milk,NULL,Milk and milk products,Other milk products
Dripping,NULL,Fats and oils,Animal fats
Dulce de leche,NULL,Confectioneries,Spreads
Dumpling,NULL,Dishes,Other dishes
Dungeness crab,Cancer magister,Aquatic foods,Crustaceans
Durian,Durio zibethinus,Fruits,Tropical fruits
Eastern oyster,Crassostrea virginica,Aquatic foods,Mollusks
Edible shell,NULL,Baking goods,Wrappers
Egg roll,NULL,Dishes,Asian cuisine
Egg substitute,NULL,Baking goods,Substitutes
Eggplant,Solanum melongena,Vegetables,Fruit vegetables
Eggs,NULL,Eggs,Eggs
Elderberry,Sambucus,Fruits,Berries
Elk,Cervus canadensis,Animal foods,Venison
Elliott's blueberry,Vaccinium elliottii,Fruits,Berries
Empanada,NULL,Dishes,Latin American cuisine
Emu,Dromaius novaehollandiae,Animal foods,Poultry
Enchilada,NULL,Dishes,Mexican cuisine
Endive,Cichorium endivia,Vegetables,Leaf vegetables
Energy drink,NULL,Beverages,Nutritional beverages
Enokitake,Flammulina velutipes,Vegetables,Mushrooms
Epazote,Dysphania ambrosioides,Herbs and Spices,Herbs
European anchovy,Engraulis encrasicolus,Aquatic foods,Fishes
European chestnut,Castanea sativa,Nuts,Nuts
European cranberry,Vaccinium oxycoccos,Fruits,Berries
European plum,Prunus domestica,Fruits,Drupes
European rabbit,Oryctolagus,Animal foods,Lagomorphs
Evaporated milk,NULL,Milk and milk products,Other milk products
Evening primrose,Oenothera biennis,Herbs and Spices,Oilseed crops
Evergreen huckleberry,Vaccinium ovatum,Fruits,Berries
Falafel,NULL,Dishes,Other dishes
Fats and oils,NULL,Fats and oils,Fats and oils
Feijoa,Feijoa sellowiana,Fruits,Tropical fruits
Fennel,Foeniculum vulgare,Herbs and Spices,Herbs
Fenugreek,Trigonella foenum-graecum,Herbs and Spices,Herbs
Fig,Ficus carica,Fruits,Other fruits
Fireweed,Chamerion angustifolium,Herbs and Spices,Herbs
Fish burger,NULL,Dishes,Sandwiches
Fishes,NULL,Aquatic foods,Fishes
Flatfish,Pleuronectiformes,Aquatic foods,Fishes
Flaxseed,Linum usitatissimum,Herbs and Spices,Oilseed crops
Florida pompano,Trachinotus carolinus,Aquatic foods,Fishes
Flour,NULL,Cereals and cereal products,Cereal products
Focaccia,NULL,Cereals and cereal products,Flat breads
Fortified wine,NULL,Beverages,Fortified wines
Fox grape,Vitis labrusca,Fruits,Berries
French plantain,Musa X paradisiaca,Fruits,Tropical fruits
French toast,NULL,Cereals and cereal products,Leavened breads
Freshwater drum,Aplodinotus grunniens,Aquatic foods,Fishes
Freshwater eel,Anguilla,Aquatic foods,Fishes
Frozen yogurt,NULL,Confectioneries,Frozen desserts
Fruit gum,NULL,Confectioneries,Candies
Fruit juice,NULL,Beverages,Other beverages
Fruit preserve,NULL,Fruits,Fruit products
Fruit salad,NULL,Fruits,Fruit products
Fruit-flavor drink,NULL,Beverages,Other beverages
Fruits,NULL,Fruits,Fruits
Frybread,NULL,Dishes,Other dishes
Fudge,NULL,Confectioneries,Candies
"Gadiformes (Cod, Hake)",Gadiformes,Aquatic foods,Fishes
Gadus (Common cod),Gadus,Aquatic foods,Fishes
Garden cress,Lepidium sativum,Vegetables,Leaf vegetables
Garden onion,Allium cepa,Vegetables,Onion-family vegetables
Garden onion (var.),Allium cepa var. cepa,Vegetables,Onion-family vegetables
Garden rhubarb,Rheum rhabarbarum,Vegetables,Stalk vegetables
Garden tomato,Solanum lycopersicum,Vegetables,Fruit vegetables
Garden tomato (var.),Solanum lycopersicum var. lycopersicum,Vegetables,Fruit vegetables
Garfish,Belone belone,Aquatic foods,Fishes
Garland chrysanthemum,Chrysanthemum coronarium,Vegetables,Leaf vegetables
Garlic,Allium sativum,Herbs and Spices,Herbs
Gefilte fish,NULL,Dishes,Jewish cuisine
Gelatin,NULL,Baking goods,Baking goods
Gelatin dessert,NULL,Confectioneries,Desserts
German camomile,Matricaria recutita,Herbs and Spices,Herbs
Giant butterbur,Petasites japonicus,Vegetables,Other vegetables
Gin,NULL,Beverages,Distilled beverages
Ginger,Zingiber officinale,Herbs and Spices,Spices
Ginkgo nuts,Ginkgo biloba,Herbs and Spices,Other seeds
Ginseng,Panax,Herbs and Spices,Spices
Globe artichoke,Cynara scolymus,Vegetables,Shoot vegetables
Gooseberry,Ribes uva-crispa,Fruits,Berries
Gram bean,Vigna mungo,Pulses,Beans
Grape,Vitis,Fruits,Berries
Grape wine,NULL,Beverages,Fermented beverages
Grapefruit,Citrus X paradisi,Fruits,Citrus
Grapefruit/Pummelo hybrid,Citrus paradisi X Citrus maxima,Fruits,Citrus
Grass pea,Lathyrus sativus,Pulses,Peas
Great horned owl,Bubo virginianus,Animal foods,Poultry
Greater sturgeon,Acipenser,Aquatic foods,Fishes
Green bean,Phaseolus vulgaris,Pulses,Beans
Green bell pepper,Capsicum annuum,Vegetables,Fruit vegetables
Green turtle,Chelonia mydas,Aquatic foods,Other aquatic foods
Green vegetables,NULL,Vegetables,Green vegetables
Green zucchini,Cucurbita pepo var. cylindrica,Gourds,Gourds
Greenland halibut/turbot,Reinhardtius hippoglossoides,Aquatic foods,Fishes
Greenthread tea,Thelesperma,Teas,Herbal teas
Greylag goose,Anser anser,Animal foods,Poultry
Groundcherry,Physalis,Vegetables,Fruit vegetables
Grouper,Epinephelus,Aquatic foods,Fishes
Guava,Psidium guajava,Fruits,Tropical fruits
Guinea hen,Numida meleagris,Animal foods,Poultry
Haddock,Melanogrammus aeglefinus,Aquatic foods,Fishes
Half-highbush blueberry,Vaccinium angustifolium X Vaccinium corymbosum,Fruits,Berries
Hamburger,NULL,Dishes,Sandwiches
Hard wheat,Triticum durum,Cereals and cereal products,Cereals
Hazelnut,Corylus,Nuts,Nuts
Heart of palm,NULL,Vegetables,Other vegetables
Hedge mustard,Sisymbrium,Herbs and Spices,Other seeds
Herbs and Spices,NULL,Herbs and Spices,Herbs and Spices
Hibiscus tea,Hibiscus sabbariffa,Teas,Herbal teas
Hickory nut,Carya,Nuts,Nuts
Highbush blueberry,Vaccinium corymbosum,Fruits,Berries
Hippoglossus (Common halibut),Hippoglossus,Aquatic foods,Fishes
Honey,NULL,Confectioneries,Other confectioneries
Horchata,NULL,Beverages,Other beverages
Horned melon,Cucumis metuliferus,Gourds,Gourds
Horse,Equus caballus,Animal foods,Equines
Horseradish,Armoracia rusticana,Herbs and Spices,Spices
Horseradish tree,Moringa oleifera,Vegetables,Other vegetables
Hot chocolate,NULL,Cocoa and cocoa products,Cocoa products
Hot dog,NULL,Dishes,Sandwiches
Hummus,NULL,Dishes,Levantine cuisine
Hushpuppy,NULL,Dishes,American cuisine
Hyacinth bean,Lablab purpureus,Pulses,Beans
Hyssop,Hyssopus officinalis,Herbs and Spices,Herbs
Ice cream,NULL,Confectioneries,Frozen desserts
Ice cream cone,NULL,Baking goods,Wrappers
Icing,NULL,Confectioneries,Other confectioneries
Irish moss,Chondrus crispus,Aquatic foods,Seaweed
Italian oregano,Origanum X majoricum,Herbs and Spices,Herbs
Italian sweet red pepper,Capsicum annuum,Vegetables,Fruit vegetables
Jackfruit,Artocarpus heterophyllus,Fruits,Tropical fruits
Japanese chestnut,Castanea crenata,Nuts,Nuts
Japanese persimmon,Diospyros kaki,Fruits,Tropical fruits
Japanese pumpkin,Cucurbita maxima,Gourds,Gourds
Japanese walnut,Juglans ailanthifolia,Nuts,Nuts
Java plum,Syzygium cumini,Fruits,Tropical fruits
Jellyfish,Scyphozoa,Aquatic foods,Other aquatic foods
Jerusalem artichoke,Helianthus tuberosus,Vegetables,Tubers
Jew's ear,Auricularia auricula-judae,Vegetables,Mushrooms
Jicama,Pachyrhizus erosus,Vegetables,Root vegetables
Jostaberry,Ribes √ó nidigrolaria,Fruits,Berries
Jujube,Ziziphus zizyphus,Fruits,Other fruits
Junket,NULL,Confectioneries,Milk desserts
Jute,Corchorus olitorius,Vegetables,Leaf vegetables
Kai-lan,Brassica oleracea var. alboglabra,Vegetables,Cabbages
Kale,Brassica napus var. pabularia,Vegetables,Cabbages
Kefir,NULL,Milk and milk products,Fermented milks
Kelp,Laminaria,Aquatic foods,Seaweed
Ketchup,NULL,Baking goods,Condiments
King mackerel,Scomberomorus cavalla,Aquatic foods,Fishes
Kiwi,Actinidia chinensis,Fruits,Tropical fruits
Kohlrabi,Brassica oleracea var. gongylodes,Vegetables,Root vegetables
Komatsuna,Brassica rapa var. perviridis,Vegetables,Cabbages
Kombu,Saccharina japonica,Aquatic foods,Seaweed
Kumquat,Fortunella,Fruits,Tropical fruits
Lake trout,Salvelinus namaycush,Aquatic foods,Fishes
Lambsquarters,Chenopodium album,Vegetables,Leaf vegetables
Lard,NULL,Fats and oils,Animal fats
Lasagna,NULL,Dishes,Pasta dishes
Leather chiton,Katharina tunicata,Aquatic foods,Mollusks
Leavening agent,NULL,Baking goods,Baking goods
Leek,Allium porrum,Vegetables,Onion-family vegetables
Lemon,Citrus limon,Fruits,Citrus
Lemon balm,Melissa officinalis,Herbs and Spices,Herbs
Lemon grass,Cymbopogon citratus,Herbs and Spices,Herbs
Lemon sole,Microstomus kitt,Aquatic foods,Fishes
Lemon thyme,Thymus pulegioides,Herbs and Spices,Herbs
Lemon verbena,Aloysia triphylla,Herbs and Spices,Herbs
Lentils,Lens culinaris,Pulses,Lentils
Lettuce,Lactuca sativa,Vegetables,Leaf vegetables
Lichee,Litchi chinensis,Fruits,Tropical fruits
Lima bean,Phaseolus lunatus,Pulses,Beans
Lime,Citrus aurantiifolia,Fruits,Citrus
Linden,Tilia,Herbs and Spices,Herbs
Lingcod,Ophiodon elongatus,Aquatic foods,Fishes
Lingonberry,Vaccinium vitis-idaea,Fruits,Berries
Liquor,NULL,Beverages,Distilled beverages
Liquorice,NULL,Confectioneries,Candies
Loganberry,Rubus loganobaccus,Fruits,Berries
Longan,Dimocarpus longan,Fruits,Tropical fruits
Loquat,Eriobotrya japonica,Fruits,Tropical fruits
Lotus,Nelumbo,Herbs and Spices,Other seeds
Lovage,Levisticum officinale,Herbs and Spices,Herbs
Lowbush blueberry,Vaccinium angustifolium,Fruits,Berries
Lumpsucker,Cyclopteridae,Aquatic foods,Fishes
Lupine,Lupinus,Pulses,Other pulses
Macadamia nut,Macadamia,Nuts,Nuts
Macadamia nut (M. tetraphylla),Macadamia tetraphylla,Nuts,Nuts
Macaroni and cheese,NULL,Dishes,Pasta dishes
Madeira wine,NULL,Beverages,Fortified wines
Maitake,Grifola frondosa,Vegetables,Mushrooms
Malabar plum,Syzygium jambos,Fruits,Tropical fruits
Malabar spinach,Basella alba,Vegetables,Leaf vegetables
Mallard duck,Anas platyrhynchos,Animal foods,Poultry
Malus (Crab apple),Malus,Fruits,Pomes
Mamey sapote,Pouteria sapota,Fruits,Tropical fruits
Mammee apple,Mammea americana,Fruits,Tropical fruits
"Mandarin orange (Clementine, Tangerine)",Citrus reticulata,Fruits,Citrus
Mango,Mangifera indica,Fruits,Tropical fruits
Margarine,NULL,Fats and oils,Vegetable fats
Margarine-like spread,NULL,Fats and oils,Vegetable fats
Marine mussel,Mytilidae,Aquatic foods,Mollusks
Marshmallow,NULL,Confectioneries,Candies
Marzipan,NULL,Confectioneries,Other confectioneries
Meat bouillon,NULL,Baking goods,Baking goods
Meatball,NULL,Dishes,Ground meat
Meatloaf,NULL,Dishes,Ground meat
Medlar,Mespilus germanica,Fruits,Pomes
Mentha (Mint),Mentha,Herbs and Spices,Herbs
Meringue,NULL,Confectioneries,Other confectioneries
Mexican groundcherry,Physalis philadelphica var. immaculata,Vegetables,Fruit vegetables
Mexican oregano,Lippia graveolens,Herbs and Spices,Herbs
Milk (Cow),,Milk and milk products,Unfermented milks
Milk (Human),NULL,Milk and milk products,Unfermented milks
Milk (Other mammals),NULL,Milk and milk products,Unfermented milks
Milk and milk products,NULL,Milk and milk products,Milk and milk products
Milk substitute,NULL,Baking goods,Substitutes
Milkfish,Chanos chanos,Aquatic foods,Fishes
Milkshake,NULL,Confectioneries,Frozen desserts
Millet,Panicum miliaceum,Cereals and cereal products,Cereals
Miso,NULL,Soy,Soy products
Mixed nuts,NULL,Nuts,Nuts
Molasses,NULL,Baking goods,Baking goods
Mollusks,NULL,Aquatic foods,Mollusks
Monkfish,Lophius piscatorius,Aquatic foods,Fishes
Moose,Alces alces,Animal foods,Venison
Morchella (Morel),Morchellaceae,Vegetables,Mushrooms
Moth bean,Vigna aconitifolia,Pulses,Beans
Mountain hare,Lepus timidus,Animal foods,Lagomorphs
Mountain yam,Dioscorea pentaphylla,Vegetables,Tubers
Mugwort,Artemisia vulgaris,Herbs and Spices,Herbs
Mulberry,Morus,Fruits,Berries
Mule deer,Odocoileus,Animal foods,Venison
Multigrain bread,NULL,Cereals and cereal products,Leavened breads
Mung bean,Vigna radiata,Pulses,Beans
Muscadine grape,Vitis rotundifolia,Fruits,Berries
Mushrooms,NULL,Vegetables,Mushrooms
Muskmelon,Cucumis melo,Gourds,Gourds
Muskrat,Ondatra zibethicus,Animal foods,Rodents
Mustard,NULL,Baking goods,Condiments
Mustard spinach,Brassica perviridis,Vegetables,Cabbages
Nachos,NULL,Dishes,Tex-Mex cuisine
Nance,Byrsonima crassifolia,Fruits,Tropical fruits
Nanking cherry,Prunus tomentosa,Fruits,Berries
Napa cabbage,Brassica rapa var. pekinensis,Vegetables,Cabbages
Naranjilla,Solanum quitoense,Fruits,Tropical fruits
Narrowleaf cattail,Typha angustifolia,Vegetables,Other vegetables
Natal plum,Carissa macrocarpa,Fruits,Tropical fruits
Natto,NULL,Soy,Soy products
Nectarine,Prunus persica var. nucipersica,Fruits,Drupes
New Zealand spinach,Tetragonia tetragonioides,Vegetables,Leaf vegetables
Nopal,Opuntia cochenillifera,Vegetables,Other vegetables
North Pacific giant octopus,Enteroctopus dofleini,Aquatic foods,Mollusks
Northern bluefin tuna,Thunnus thynnus,Aquatic foods,Fishes
Northern pike,Esox lucius,Aquatic foods,Fishes
Norway haddock,Sebastes viviparus,Aquatic foods,Fishes
Norway lobster,Nephrops norvegicus,Aquatic foods,Crustaceans
Norway pout,Trisopterus esmarkii,Aquatic foods,Fishes
Nougat,NULL,Confectioneries,Other confectioneries
Nutmeg,Myristica fragrans,Herbs and Spices,Spices
Nutritional drink,NULL,Beverages,Nutritional beverages
Nuts,NULL,Nuts,Nuts
Nuttall cockle,Clinocardium nuttallii,Aquatic foods,Mollusks
Oat,Avena sativa,Cereals and cereal products,Cereals
Oat bread,,Cereals and cereal products,Leavened breads
Ocean pout,Zoarces americanus,Aquatic foods,Fishes
Ohelo berry,Vaccinium reticulatum,Fruits,Berries
Oil palm,Elaeis,Herbs and Spices,Oilseed crops
Oil-seed Camellia,Camellia oleifera,Herbs and Spices,Oilseed crops
Okra,Abelmoschus esculentus,Vegetables,Other vegetables
Olive,Olea europaea,Vegetables,Fruit vegetables
Onion-family vegetables,NULL,Vegetables,Onion-family vegetables
Opium poppy,Papaver somniferum,Herbs and Spices,Spices
Opossum,Didelphis virginiana,Animal foods,Marsupials
Orange bell pepper,Capsicum annuum,Vegetables,Fruit vegetables
Orange mint,Mentha aquatica,Herbs and Spices,Herbs
Orange roughy,Hoplostethus atlanticus,Aquatic foods,Fishes
Oregon yampah,Perideridia oregana,Vegetables,Root vegetables
Oriental wheat,Triticum turanicum,Cereals and cereal products,Cereals
Ostrich,Struthio camelus,Animal foods,Poultry
Ostrich fern,Matteuccia struthiopteris,Vegetables,Leaf vegetables
Other alcoholic beverage,NULL,Beverages,Alcoholic beverages
Other animal fat,NULL,Fats and oils,Animal fats
Other beverage,NULL,Beverages,Other beverages
Other bread,NULL,Cereals and cereal products,Other breads
Other bread product,NULL,Cereals and cereal products,Bread products
Other candy,NULL,Confectioneries,Candies
Other cereal product,NULL,Cereals and cereal products,Cereal products
Other cocoa product,NULL,Cocoa and cocoa products,Cocoa products
Other dish,NULL,Dishes,Other dishes
Other fermented milk,NULL,Milk and milk products,Fermented milks
Other fish product,NULL,Aquatic foods,Fish products
Other frozen dessert,NULL,Confectioneries,Frozen desserts
Other fruit product,NULL,Fruits,Fruit products
Other meat product,NULL,Animal foods,Meat products
Other pasta dish,NULL,Dishes,Pasta dishes
Other sandwich,NULL,Dishes,Sandwiches
Other snack food,NULL,Snack foods,Snack foods
Other soy product,NULL,Soy,Soy products
Other vegetable product,NULL,Vegetables,Vegetable products
Other wine,NULL,Beverages,Fermented beverages
Oval-leaf huckleberry,Vaccinium ovalifolium,Fruits,Berries
Oxheart cabbage,Brassica oleracea var. conica,Vegetables,Cabbages
Oyster mushroom,Pleurotus ostreatus,Vegetables,Mushrooms
Pacific cod,Gadus macrocephalus,Aquatic foods,Fishes
Pacific halibut,Hippoglossus stenolepis,Aquatic foods,Fishes
Pacific herring,Clupea pallasii,Aquatic foods,Fishes
Pacific jack mackerel,Trachurus symmetricus,Aquatic foods,Fishes
Pacific ocean perch,Sebastes alutus,Aquatic foods,Fishes
Pacific oyster,Crassostrea gigas,Aquatic foods,Mollusks
Pacific rockfish,Sebastes,Aquatic foods,Fishes
Pacific salmon,Oncorhynchus,Aquatic foods,Fishes
Pacific sardine,Sardinops sagax,Aquatic foods,Fishes
Painted comber,Serranus scriba,Aquatic foods,Fishes
Pak choy,Brassica rapa var. chinensis,Vegetables,Cabbages
Pan dulce,NULL,Cereals and cereal products,Leavened breads
Pancake,NULL,Dishes,Other dishes
Papaya,Carica papaya,Fruits,Tropical fruits
Parsley,Petroselinum crispum,Herbs and Spices,Herbs
Parsnip,Pastinaca sativa,Vegetables,Root vegetables
Passion fruit,Passiflora edulis,Fruits,Tropical fruits
Pasta,NULL,Cereals and cereal products,Cereal products
Pastry,NULL,Confectioneries,Desserts
Pate,NULL,Dishes,Ground meat
Peach,Prunus persica,Fruits,Drupes
Peach (var.),Prunus persica var. persica,Fruits,Drupes
Peanut,Arachis hypogaea,Nuts,Nuts
Pear,Pyrus communis,Fruits,Pomes
Pecan nut,Carya illinoinensis,Nuts,Nuts
Pectin,NULL,Baking goods,Baking goods
Pepper (C. annuum),Capsicum annuum,Vegetables,Fruit vegetables
Pepper (C. baccatum),Capsicum baccatum var. baccatum,Vegetables,Fruit vegetables
Pepper (C. chinense),Capsicum chinense,Vegetables,Fruit vegetables
Pepper (C. frutescens),Capsicum annuum var. annuum,Vegetables,Fruit vegetables
Pepper (C. pubescens),Capsicum pubescens,Vegetables,Fruit vegetables
Pepper (Capsicum),Capsicum,Vegetables,Fruit vegetables
Pepper (Spice),Piper nigrum,Herbs and Spices,Spices
Peppermint,Mentha X piperita,Herbs and Spices,Herbs
Perciformes (Perch-like fishes),Perciformes,Aquatic foods,Fishes
Percoidei (Bass and others),Percoidei,Aquatic foods,Fishes
Persian lime,Citrus latifolia,Fruits,Citrus
Persimmon,Diospyros,Fruits,Tropical fruits
Pheasant,Phasianus colchicus,Animal foods,Poultry
Phyllo dough,NULL,Baking goods,Baking goods
Pie,NULL,Confectioneries,Desserts
Pie crust,NULL,Baking goods,Wrappers
Pie filling,NULL,Baking goods,Baking goods
Pigeon pea,Cajanus cajan,Pulses,Peas
Pikeperch,Sander lucioperca,Aquatic foods,Fishes
Piki bread,NULL,Cereals and cereal products,Flat breads
Pili nut,Canarium ovatum,Nuts,Nuts
Pine nut,Pinus,Nuts,Nuts
Pineapple,Ananas comosus,Fruits,Tropical fruits
Pineappple sage,Salvia elegans,Herbs and Spices,Herbs
Pink salmon,Oncorhynchus gorbuscha,Aquatic foods,Fishes
Pistachio,Pistacia vera,Nuts,Nuts
Pita bread,NULL,Cereals and cereal products,Flat breads
Pitanga,Eugenia uniflora,Fruits,Tropical fruits
Pizza,NULL,Dishes,Other dishes
Plains prickly pear,Opuntia macrorhiza,Fruits,Tropical fruits
"Pleuronectidae (Dab, Halibut, Plaice)",Pleuronectidae,Aquatic foods,Fishes
Polar bear,Ursus maritimus,Animal foods,Other mammals
Pollock,Pollachius,Aquatic foods,Fishes
Pomegranate,Punica granatum,Fruits,Tropical fruits
Pomes,NULL,Fruits,Pomes
Popcorn,NULL,Snack foods,Snack foods
Poppy,Papaver,Herbs and Spices,Oilseed crops
Port wine,NULL,Beverages,Fortified wines
Pot marjoram,Origanum onites,Herbs and Spices,Herbs
Pot pie,NULL,Dishes,Other dishes
Potato,Solanum tuberosum,Vegetables,Tubers
Potato bread,NULL,Cereals and cereal products,Other breads
Potato chip,NULL,Snack foods,Snack foods
Potato gratin,NULL,Dishes,Potato dishes
Potato puffs,NULL,Dishes,Potato dishes
Prairie turnip,Pediomelum esculentum,Vegetables,Root vegetables
Prickly pear,Opuntia,Fruits,Tropical fruits
Processed cheese,NULL,Milk and milk products,Fermented milk products
"Prunus (Cherry, Plum)",Prunus,Fruits,Drupes
Pudding,NULL,Confectioneries,Desserts
Pulses,,Pulses,Pulses
Pummelo,Citrus maxima,Fruits,Citrus
Pumpkinseed sunfish,Lepomis gibbosus,Aquatic foods,Fishes
Pupusa,NULL,Dishes,Latin American cuisine
Purple laver,Porphyra laciniata,Aquatic foods,Seaweed
Purple mangosteen,Garcinia mangostana,Fruits,Tropical fruits
Purslane,Portulaca oleracea,Herbs and Spices,Herbs
Quail,Phasianidae,Animal foods,Poultry
Quesadilla,NULL,Dishes,Mexican cuisine
Quince,Cydonia oblonga,Fruits,Pomes
Quinoa,Chenopodium quinoa,Herbs and Spices,Other seeds
Rabbit,Leporidae,Animal foods,Lagomorphs
Raccoon,Procyon lotor,Animal foods,Other mammals
Radish,Raphanus sativus,Vegetables,Root vegetables
Radish (var.),Raphanus sativus var. sativus,Vegetables,Root vegetables
Rainbow smelt,Osmerus mordax,Aquatic foods,Fishes
Rainbow trout,Oncorhynchus mykiss,Aquatic foods,Fishes
Raisin bread,NULL,Cereals and cereal products,Sweet breads
Rambutan,Nephelium lappaceum,Fruits,Tropical fruits
Rape,Brassica napus var. napus,Vegetables,Root vegetables
Rapini,Brassica ruvo,Vegetables,Cabbages
Ravioli,NULL,Dishes,Pasta dishes
Red algae,Rhodophyta,Aquatic foods,Seaweed
Red beetroot,Beta vulgaris var. rubra,Vegetables,Root vegetables
Red bell pepper,Capsicum annuum,Vegetables,Fruit vegetables
Red huckleberry,Vaccinium parvifolium,Fruits,Berries
Red king crab,Paralithodes camtschaticus,Aquatic foods,Crustaceans
Red raspberry,Rubus idaeus,Fruits,Berries
Red rice,Oryza rufipogon,Cereals and cereal products,Cereals
Redcurrant,Ribes rubrum,Fruits,Berries
Relish,NULL,Baking goods,Condiments
Remoulade,NULL,Baking goods,Condiments
Rice,Oryza sativa,Cereals and cereal products,Cereals
Rice bread,NULL,Cereals and cereal products,Leavened breads
Rice cake,NULL,Dishes,Asian cuisine
Ringed seal,Pusa hispida,Aquatic foods,Pinnipeds
Robusta coffee,Coffea canephora,Coffee and coffee products,Coffee
Rock ptarmigan,Lagopus muta,Animal foods,Poultry
Rocket salad,Eruca vesicaria,Vegetables,Leaf vegetables
Rocket salad (ssp.),Eruca vesicaria ssp. sativa,Vegetables,Leaf vegetables
Roe,NULL,Aquatic foods,Roe
Romaine lettuce,Lactuca sativa L. var. longifolia,Vegetables,Leaf vegetables
Roman camomile,Chamaemelum nobile,Herbs and Spices,Herbs
Root vegetables,NULL,Vegetables,Root vegetables
Rose hip,Rosa,Herbs and Spices,Herbs
Roselle,Hibiscus sabdariffa,Herbs and Spices,Herbs
Rosemary,Rosmarinus officinalis,Herbs and Spices,Herbs
Rowal,Pangium edule,Herbs and Spices,Other seeds
Rowanberry,Sorbus aucuparia,Fruits,Berries
"Rubus (Blackberry, Raspberry)",Rubus,Fruits,Berries
Rum,NULL,Beverages,Distilled beverages
Rye,Secale cereale,Cereals and cereal products,Cereals
Rye bread,NULL,Cereals and cereal products,Leavened breads
Sablefish,Anoplopoma fimbria,Aquatic foods,Fishes
Sacred lotus,Nelumbo nucifera,Vegetables,Other vegetables
Safflower,Carthamus tinctorius,Herbs and Spices,Oilseed crops
Saffron,Crocus sativus,Herbs and Spices,Spices
Sago palm,Metroxylon sagu,Herbs and Spices,Oilseed crops
Sake,NULL,Beverages,Fermented beverages
Salad,NULL,Dishes,Other dishes
Salad dressing,NULL,Baking goods,Dressings
Salmonberry,Rubus spectabilis,Fruits,Berries
"Salmonidae (Salmon, Trout)",Salmonidae,Aquatic foods,Fishes
Salt,NULL,Baking goods,Seasonings
Sapodilla,Manilkara zapota,Fruits,Tropical fruits
Saskatoon berry,Amelanchier alnifolia,Fruits,Berries
Sauce,NULL,Baking goods,Sauces
Sausage,NULL,Dishes,Ground meat
Savoy cabbage,Brassica oleracea var. sabauda,Vegetables,Cabbages
Scallop,Pectinidae,Aquatic foods,Mollusks
Scarlet bean,Phaseolus coccineus,Pulses,Beans
"Scombridae (Bonito, Mackerel, Tuna)",Scombridae,Aquatic foods,Fishes
Scrapple,NULL,Dishes,American cuisine
Scup,Stenotomus chrysops,Aquatic foods,Fishes
Sea cucumber,Parastichopus californicus,Aquatic foods,Other aquatic foods
Sea-buckthornberry,Hippophae rhamnoides,Fruits,Berries
Seatrout,Cynoscion,Aquatic foods,Fishes
Semolina,NULL,Cereals and cereal products,Cereal products
Sesame,Sesamum orientale,Herbs and Spices,Oilseed crops
Sesbania flower,Sesbania bispinosa,Vegetables,Other vegetables
Shallot,Allium ascalonicum,Vegetables,Onion-family vegetables
Shark,Squaliformes,Aquatic foods,Fishes
Shea tree,Vitellaria paradoxa,Herbs and Spices,Oilseed crops
Sheefish,Stenodus leucichthys,Aquatic foods,Fishes
"Sheep (Mutton, Lamb)",Ovis aries,Animal foods,Ovis
Sheepshead,Archosargus probatocephalus,Aquatic foods,Fishes
Sherry,NULL,Beverages,Fortified wines
Shiitake,Lentinus edodes,Vegetables,Mushrooms
Shortening,NULL,Fats and oils,Vegetable fats
Shrimp,Caridea,Aquatic foods,Crustaceans
Silver linden,Tilia argentea,Herbs and Spices,Herbs
Skipjack tuna,Katsuwonus pelamis,Aquatic foods,Fishes
Skunk currant,Ribes glandulosum,Fruits,Berries
Small-leaf linden,Tilia cordata,Herbs and Spices,Herbs
Smelt,Osmeridae,Aquatic foods,Fishes
Snack bar,NULL,Snack foods,Snack foods
Snail,Gastropoda,Aquatic foods,Mollusks
Snapper,Lutjanidae,Aquatic foods,Fishes
Snow crab,Chionoecetes opilio,Aquatic foods,Crustaceans
Sockeye salmon,Oncorhynchus nerka,Aquatic foods,Fishes
Soft drink,NULL,Beverages,Other beverages
Soft-necked garlic,Allium sativum L. var. sativum,Herbs and Spices,Herbs
Sorghum,Sorghum bicolor,Cereals and cereal products,Cereals
Sorrel,Rumex acetosa,Herbs and Spices,Herbs
Soup,NULL,Dishes,Other dishes
Sour cherry,Prunus cerasus,Fruits,Drupes
Sourdock,Rumex articus,Herbs and Spices,Herbs
Sourdough,NULL,Cereals and cereal products,Doughs
Soursop,Annona muricata,Fruits,Tropical fruits
Soy bean,Glycine max,Soy,Soy
Soy cream,NULL,Soy,Soy products
Soy milk,NULL,Soy,Soy products
Soy sauce,NULL,Soy,Soy products
Soy yogurt,NULL,Soy,Soy products
Spanish mackerel,Scomberomorus maculatus,Aquatic foods,Fishes
Sparkleberry,Vaccinium arboreum,Fruits,Berries
Spearmint,Mentha spicata,Herbs and Spices,Herbs
Spelt,Triticum spelta,Cereals and cereal products,Cereals
Spinach,Spinacia oleracea,Vegetables,Leaf vegetables
Spiny dogfish,Squalus acanthias,Aquatic foods,Fishes
Spiny lobster,Palinuridae,Aquatic foods,Crustaceans
Spirit,NULL,Beverages,Distilled beverages
Spirulina,Spirulina,Aquatic foods,Seaweed
Spot croaker,Leiostomus xanthurus,Aquatic foods,Fishes
Spotted seal,Phoca largha,Aquatic foods,Pinnipeds
Spread,NULL,Baking goods,Baking goods
Squab,Columba,Animal foods,Poultry
Squashberry,Viburnum edule,Fruits,Berries
Squid,Teuthida,Aquatic foods,Mollusks
Squirrel,Sciuridae,Animal foods,Rodents
Star anise,Illicium verum,Herbs and Spices,Spices
Star fruit,Averrhoa carambola,Fruits,Tropical fruits
Steller sea lion,Eumetopias jubatus,Aquatic foods,Pinnipeds
Stew,NULL,Dishes,Other dishes
Strawberry,Fragaria X ananassa,Fruits,Berries
Strawberry guava,Psidium cattleianum,Fruits,Berries
Striped bass,Morone saxatilis,Aquatic foods,Fishes
Striped mullet,Mugil cephalus,Aquatic foods,Fishes
Stuffing,NULL,Baking goods,Baking goods
Sturgeon,Acipenseridae,Aquatic foods,Fishes
Succotash,NULL,Dishes,American cuisine
Sugar,NULL,Baking goods,Sugars
Sugar apple,Annona squamosa,Fruits,Tropical fruits
Sugar substitute,NULL,Baking goods,Substitutes
Summer grape,Vitis aestivalis,Fruits,Berries
Summer savory,Satureja hortensis,Herbs and Spices,Herbs
Sunburst squash (pattypan squash),Cucurbita pepo var. clypeata,Gourds,Gourds
Sunflower,Helianthus annuus,Herbs and Spices,Oilseed crops
Swamp cabbage,Ipomoea aquatica,Vegetables,Leaf vegetables
Swede,Brassica napus,Vegetables,Root vegetables
Sweet basil,Ocimum basilicum,Herbs and Spices,Herbs
Sweet bay,Laurus nobilis,Herbs and Spices,Herbs
Sweet cherry,Prunus avium,Fruits,Drupes
Sweet custard,NULL,Confectioneries,Milk desserts
Sweet marjoram,Origanum majorana,Herbs and Spices,Herbs
Sweet orange,Citrus sinensis,Fruits,Citrus
Sweet potato,Ipomoea batatas,Vegetables,Tubers
Sweet rowanberry,Grataegosorbus mitschurinii,Fruits,Berries
Swiss chard,Beta vulgaris ssp. cicla,Vegetables,Leaf vegetables
Swordfish,Xiphias gladius,Aquatic foods,Fishes
Syrup,NULL,Baking goods,Baking goods
Taco,NULL,Dishes,Tex-Mex cuisine
Tallow,NULL,Fats and oils,Animal fats
Tamale,NULL,Dishes,Latin American cuisine
Tamarind,Tamarindus indica,Fruits,Tropical fruits
Tapioca pearl,NULL,Baking goods,Baking goods
Taro,Colocasia esculenta,Vegetables,Root vegetables
Tarragon,Artemisia dracunculus,Herbs and Spices,Herbs
Tartary buckwheat,Fagopyrum tataricum,Cereals and cereal products,Cereals
Tea,Camellia sinensis,Teas,Teas
Tea leaf willow,Salix pulchra,Herbs and Spices,Herbs
Teff,Eragrostis tef,Herbs and Spices,Herbs
Thistle,Cirsium,Vegetables,Root vegetables
Thunnus (Common tuna),Thunnus,Aquatic foods,Fishes
Tilefish,Lopholatilus chamaeleonticeps,Aquatic foods,Fishes
Tinda,Citrullus lanatus var. fistulosus,Gourds,Gourds
Toffee,NULL,Confectioneries,Other confectioneries
Tofu,NULL,Soy,Soy products
Topping,NULL,Baking goods,Baking goods
Tortilla,NULL,Cereals and cereal products,Flat breads
Tortilla chip,NULL,Snack foods,Snack foods
Tostada,NULL,Dishes,Mexican cuisine
Towel gourd,Luffa aegyptiaca,Gourds,Gourds
Trail mix,NULL,Snack foods,Snack foods
Tree fern,Cyathea,Vegetables,Other vegetables
Triticale,X Triticosecale rimpaui,Cereals and cereal products,Cereals
Tronchuda cabbage,Brassica oleracea var. costata,Vegetables,Cabbages
True frog,Ranidae,Aquatic foods,Amphibians
True oyster,Ostreidae,Aquatic foods,Mollusks
True seal,Phocidae,Aquatic foods,Pinnipeds
True sole,Soleidae,Aquatic foods,Fishes
Tunicate,Tunicata,Aquatic foods,Other aquatic foods
Turbot,Scophthalmus maximus,Aquatic foods,Fishes
Turkey,Meleagris gallopavo,Animal foods,Poultry
Turmeric,Curcuma longa,Herbs and Spices,Spices
Turnip,Brassica rapa var. rapa,Herbs and Spices,Herbs
Ucuhuba,Virola surinamensis,Herbs and Spices,Oilseed crops
Unclassified food or beverage,NULL,Unclassified,Unclassified
"Vaccinium (Blueberry, Cranberry, Huckleberry)",Vaccinium,Fruits,Berries
Vanilla,Vanilla,Herbs and Spices,Spices
Vegetable juice,NULL,Beverages,Other beverages
Vegetarian food,NULL,Dishes,Other dishes
Veggie burger,NULL,Dishes,Sandwiches
Velvet duck,Melanitta fusca,Animal foods,Poultry
Vermouth,NULL,Beverages,Fortified wines
Vinegar,NULL,Baking goods,Seasonings
Vodka,NULL,Beverages,Distilled beverages
Waffle,NULL,Dishes,Other dishes
Wakame,Undaria pinnatifida,Aquatic foods,Seaweed
Walleye,Sander vitreus,Aquatic foods,Fishes
Walnut,Juglans,Nuts,Nuts
Walrus,Odobenus rosmarus,Aquatic foods,Pinnipeds
Wasabi,Wasabia japonica,Herbs and Spices,Spices
Water,NULL,Beverages,Waters
Watercress,Rorippa nasturtium-aquaticum,Herbs and Spices,Herbs
Watermelon,Citrullus lanatus,Gourds,Gourds
Wax apple,Eugenia,Fruits,Tropical fruits
Wax gourd,Benincasa hispida,Gourds,Gourds
Welsh onion,Allium fistulosum,Herbs and Spices,Herbs
Wheat,Triticum,Cereals and cereal products,Cereals
Wheat bread,NULL,Cereals and cereal products,Leavened breads
Whelk,Buccinidae,Aquatic foods,Mollusks
Whey,NULL,Milk and milk products,Other milk products
Whisky,NULL,Beverages,Distilled beverages
White cabbage,Brassica oleracea L. var. capitata L. f. alba DC.,Vegetables,Cabbages
White lupine,Lupinus albus,Pulses,Other pulses
White mustard,Sinapis alba,Herbs and Spices,Spices
White sucker,Catostomus commersonii,Aquatic foods,Fishes
Whitefish,Coregonus,Aquatic foods,Fishes
Whiting,Merlangius merlangus,Aquatic foods,Fishes
Wild boar,Sus scrofa,Animal foods,Swine
Wild carrot,Daucus carota,Vegetables,Root vegetables
Wild celery,Apium graveolens,Herbs and Spices,Spices
Wild leek,Allium ampeloprasum,Vegetables,Onion-family vegetables
Wild rice,Zizania,Cereals and cereal products,Cereals
Winged bean,Psophocarpus tetragonolobus,Pulses,Beans
Winter savory,Satureja montana,Herbs and Spices,Herbs
Winter squash,Cucurbita maxima,Gourds,Gourds
Wonton wrapper,NULL,Baking goods,Wrappers
Yam,Dioscorea,Vegetables,Tubers
Yardlong bean,Vigna unguiculata ssp. sesquipedalis,Pulses,Peas
Yautia,Xanthosoma sagittifolium,Vegetables,Leaf vegetables
Yellow bell pepper,Capsicum annuum,Vegetables,Fruit vegetables
Yellow pond-lily,Nuphar lutea,Herbs and Spices,Herbs
Yellow wax bean,Phaseolus vulgaris,Pulses,Beans
Yellow zucchini,Cucurbita pepo var. cylindrica,Gourds,Gourds
Yellowfin tuna,Thunnus albacares,Aquatic foods,Fishes
Yellowtail amberjack,Seriola lalandi,Aquatic foods,Fishes
Ymer,NULL,Milk and milk products,Fermented milk products
Yogurt,NULL,Milk and milk products,Fermented milk products
Zwieback,NULL,Cereals and cereal products,Leavened breads